currency,withdrawal_fee
BCC,0.0000023
LTC,0.00014
ETH,0.0000735
BTC,0.0000243
